BDD	ARK	ID_auteur	Titre_abrege	Type	Titre_long	ID_imprimeurs	ID_libraires	ID_Editeur	ID_Traducteurs	ID_Lieu_publication	Lieu_publication	Date_01	Date_02	Format	Sujet	Matiere	Localisation	Cote	Description	Notes	Commentaires
LIV0001	ark:/12148/cb31721367g	PERS0023	La Perpétuelle croix	nan	nan	nan	PERS0022|PERS0024	nan	nan	2988507	Paris	1659	nan	in-quarto	nan	Religion	BnF	8-Z LE SENNE-6243	nan	nan	nan
LIV0002	ark:/12148/cb30029927g	PERS0025	Lettres de la mère Agnès Arnauld	nan	nan	nan	ark:/12148/cb17834575c	ark:/12148/cb13474665x	nan	2988507	Paris	?	1858	nan	nan	Religion	Munich, Bayerische Staatsbibliothek	Epist. 33 l-1	nan	Version numérisée: https://www.digitale-sammlungen.de/en/view/bsb10402127?page=1	nan
LIV0003	ark:/12148/cb30029565x	PERS0026	De la fréquente communion	nan	nan	nan	PERS0021	nan	nan	2988507	Paris	1643	nan	in-quarto	nan	Religion	BnF	D-6291	nan	nan	nan
LIV0004	ark:/12148/cb300299175	PERS0027	Lettres de la Révérende Mère Marie-Angélique Arnauld	nan	nan	nan	nan	nan	nan	2745912	Utrecht	?	1742-1744	nan	nan	Religion	Munich, Bayerische Staatsbibliothek	H.mon. 28 i	nan	2 volumes: https://www.digitale-sammlungen.de/en/view/bsb10029442?page=1; https://www.digitale-sammlungen.de/en/view/bsb10029443?page=1	nan
LIV0005	ark:/12148/cb30084912g	PERS0028	Règle de perfection	nan	nan	nan	PERS0029	nan	nan	2988507	Paris	1609	nan	in-seize	nan	Religion	BnF	D-25666	nan	nan	nan
LIV0006	ark:/12148/cb30092366g	PERS0030	Le Chrétien intérieur	nan	nan	nan	PERS0038	nan	nan	2988507	Paris	1659 (?)	1662	in-douze	nan	Religion	Munich, Bayerische Staatsbibliothek	Asc. 2939	nan	Les premières éditions de cet ouvrage ont manifestement disparu. Voir à ce sujet le privilège à la fin de l'ouvrage. https://www.digitale-sammlungen.de/en/view/bsb10264731?page=7	nan
LIV0007	ark:/12148/cb360628333	PERS0032	Le voyage et observations de plusieurs choses diverses	nan	nan	nan	PERS0034	nan	nan	2988507	Paris	1656	nan	nan	nan	Voyage	BnF	23891	nan	plusieurs côtes car plusieurs exemplaires	nan
LIV0008	ark:/12148/cb360459163	PERS0033	Le Voyage de Jérusalem	nan	nan	nan	PERS0031	nan	nan	2988507	Paris	1621	nan	nan	nan	Voyage	BnF	8-O2F-75	nan	nan	nan
LIV0009	ark:/12148/cb393604830	PERS0035	Journal du voyage d'Espagne	nan	nan	nan	PERS0036	nan	nan	2988507	Paris	1669	nan	in-quarto	nan	Voyage	BnF	4-H-418	nan	nan	nan
LIV0010	ark:/12148/cb30829649b	PERS0037	Itinerarium	nan	nan	nan	PERS0038 | PERS0129	PERS0128	nan	2988507	Paris	1662	nan	in-octavo	nan	Voyage	BnF	G-10903	nan	plusieurs côtes car plusieurs exemplaires ; plusieurs éditeurs : faut-il indexer les. numéros référents ID dans la même case ?	nan
LIV0011	ark:/12148/cb39104829p	PERS0039	Voyage d’Italie	nan	nan	nan	nan	nan	nan	nan	nan	1608-1609	nan	nan	nan	Voyage	BnF	nan	nan	nan	nan
LIV0012	ark:/12148/cb30063455q	PERS0001	La Rhétorique françoise	nan	nan	nan	PERS0002	nan	nan	2988507	Paris	1653	1665	in-quarto	nan	Langue	BnF	X-18458	nan	Ark éd. princeps. Cote de la rééd. 1665	nan
LIV0013	 ark:/12148/cb302767712	PERS0003	A Dictionarie of the French and English tongues	nan	nan	nan	PERS0004	nan	nan	2643743	Londres	1611	nan	in-folio	nan	Langue	BnF	4-X-243	nan	Ark et cote de la BNF, mais ouvrage pas numérisé sur Gallica (ONB) : http://digital.onb.ac.at/OnbViewer/viewer.faces?doc=ABO_%2BZ161870309	nan
LIV0014	ark:/12148/cb30389884s	PERS0005	De l'Éloquence françoise	nan	nan	nan	PERS0006	nan	nan	2988507	Paris	1595	nan	in-12	nan	Langue	BnF	X-18559	nan	Une édition 1590, qui pourrait passer pour la première, serait une erreur typographique pour 1599 (cf. privilège)	nan
LIV0015	ark:/12148/cb30380298n	PERS0007	Liberté de la langue françoise	nan	nan	nan	PERS0008	nan	nan	2988507	Paris	1651	nan	in-quarto	nan	Langue	BnF	X-2444	nan	J'ai pris l'ark dans le catalogue BNF d'une version numérisée mais pas IIIF. L'ark de la version IIIF se réfère, je pense, à un microfilm.	nan
LIV0016	ark:/12148/cb32136509c	PERS0009	Dictionnaire universel	nan	nan	nan	PERS0010 | PERS0011	nan	nan	2747373 | 2747891	La Haye | Rotterdam	1690	nan	in-folio	nan	Langue	BnF	FOL-X-255	nan	Fausse adresse ? cf. cat BnF : https://catalogue.bnf.fr/ark:/12148/cb32136509c	nan
LIV0017	ark:/12148/cb31165844z	PERS0054	Dialogue des causes de la corruption de l'éloquence	nan	nan	nan	PERS0013	PERS0012	PERS0012	2988507	Paris	1630	1636	in-quarto	nan	Langue	BnF	X-342	nan	Ark de l'édition de 1636	nan
LIV0018	ark:/12148/cb305164480	PERS0014	La langue françoise	nan	nan	nan	PERS0015	nan	nan	2996944	Lyon	1620	nan	in-octavo	nan	Langue	BnF	X-9722	nan	nan	nan
LIV0019	ark:/12148/cb39326672h	PERS0016	Lettres touchant... la langue françoise	nan	nan	nan	PERS0017 | PERS0018	nan	nan	2988507	Paris	1647	nan	in-octavo	nan	Langue	BnF	8-BL-1605	nan	nan	nan
LIV0020	ark:/12148/cb307298680	PERS0016	Considérations sur l'éloquence françoise de ce tems	nan	nan	nan	PERS0019	nan	nan	2988507	Paris	1638	nan	in-octavo	nan	Langue	BnF	X-18566	nan	nan	nan
LIV0021	ark:/12148/cb361147203	PERS0020	Nouvelle méthode pour... la langue latine	nan	nan	nan	PERS0021	nan	nan	2988507	Paris	1644	nan	in-octavo	nan	Langue	BnF	X-7572	nan	nan	nan
LIV0022	ark:/12148/cb300986464	PERS0055	Traité des énergumènes	nan	nan	nan	PERS0056	nan	nan	2988507	Paris	1599	1631	in-douze	nan	Religion	BnF	D-17684	nan	nan	nan
LIV0023	ark:/12148/cb30101995s	PERS0057	Les Vrais pourtraits des hommes illustres en piété et doctrine	nan	nan	nan	PERS0059	PERS0058	PERS0058	2660646	Genève	1581	nan	in-quarto	nan	Religion	BnF	RES P-H-3	nan	nan	nan
LIV0024	pas d'id. pour cette édition: pour l'éd de 1656: ark:/12148/cb30117135c	PERS0060	Traité sur l’origine du service des reliques	nan	nan	nan	PERS0061	nan	nan	2975758	Saumur	1656	1661	nan	nan	Religion	Munich, Bayerische Staatsbibliothek	Dogm. 100	nan	https://www.digitale-sammlungen.de/en/view/bsb10397685?page=1	nan
LIV0025	ark:/12148/cb30191055x	PERS0062	Les Diversités	nan	nan	nan	PERS0063	nan	nan	2988507	Paris	1609	nan	in-octavo	nan	Religion	BnF	Z-19810| Z-19811	nan	nan	nan
LIV0026	ark:/12148/cb301910688	PERS0062	Les Diversités (t. VII-X)	nan	nan	nan	PERS0063	nan	nan	2988507	Paris	1613-1614	nan	in-octavo	nan	Religion	BnF	Z-19816|Z-19817|Z-19818|Z-19819	nan	nan	nan
LIV0027	ark:/12148/cb301910657	PERS0062	Les Diversités (t. VI)	nan	nan	nan	PERS0064	nan	nan	2996944	Lyon	1610	nan	in-octavo	nan	Religion	BnF	Z-19815	nan	nan	nan
LIV0028	ark:/12148/cb30191063j	PERS0062	Les Diversités (t. V)	nan	nan	nan	PERS0064	nan	nan	2996944	Lyon	1610	nan	in-octavo	nan	Religion	BnF	Z-19814	nan	nan	nan
LIV0029	ark:/12148/cb30191057m	PERS0062	La suite des Diversités (t. III)	nan	nan	nan	PERS0065	nan	nan	2988507	Paris	1610	nan	in-octavo	nan	Religion	BnF	Z-19812	nan	pas numérisé dans cette édition	nan
LIV0030	ark:/12148/cb30191060h	PERS0062	Quatriesme tome des Diversités	nan	nan	nan	PERS0065	nan	nan	2988507	Paris	1610	nan	in-octavo	nan	Religion	BnF	Z-19813	nan	pas numérisé dans cette édition	nan
LIV0031	ark:/12148/cb319177644	PERS0066	La cour sainte	nan	nan	nan	PERS0008	nan	nan	2988507	Paris	1624	1653	in-folio	nan	Religion	BnF	D-3223	nan	nan	nan
LIV0032	ark:/12148/cb302862607	PERS0068	Vacationes autumnales	nan	nan	nan	PERS0019	nan	nan	2988507	Paris	1620	nan	in-quarto	nan	Religion	BnF	X-3264 (1)	nan	nan	nan
LIV0033	ark:/12148/cb30295339n	PERS0070	De la créance des Pères sur le fait des images	nan	nan	nan	PERS0071	nan	nan	2660646	Genève	1641	nan	in-octavo	nan	Religion	BnF	D2-3871	nan	nan	nan
LIV0034	ark:/12148/cb304799187	PERS0072	La Somme théologique des vérités capitales de la religion chrétienne	nan	nan	nan	PERS0073	nan	nan	2988507	Paris	1625	nan	in-folio	nan	Religion	BnF	D-237	nan	nan	nan
LIV0035	ark:/12148/cb393075424	PERS0072	La Doctrine curieuse des beaux esprits de ce temps ou prétendus tels	nan	nan	nan	PERS0073	nan	nan	2988507	Paris	1623	nan	in-quarto	nan	Religion	Munich, Bayerische Staatsbibliothek	4 Polem. 1323	nan	https://www.digitale-sammlungen.de/en/view/bsb10689002?page=5	nan
LIV0036	ark:/12148/cb30509439j	PERS0074	Les Peintures sacrées sur la Bible	nan	nan	nan	PERS0075	nan	nan	2988507	Paris	1653	1657	in-folio	nan	Religion	BnF	A-1637	nan	nan	nan
LIV0037	ark:/12148/cb305169142	PERS0076	Les Tableaux de la pénitence	nan	nan	nan	PERS0046	nan	nan	2988507	Paris	1654	1656	in-quarto	nan	Religion	BnF	D-7910	nan	nan	nan
LIV0038	ark:/12148/cb340447250	PERS0077	Mémoires	nan	nan	nan	nan	ark:/12148/cb12422113n	nan	2988507	Paris	1630-1663	1905-1910	nan	nan	Religion	BnF	8-LD3-476	nan	nan	nan
LIV0039	ark:/12148/cb307890968	PERS0078	Les Peintures morales	nan	nan	nan	PERS0019	nan	nan	2988507	Paris	1640-1643	nan	in-quarto	nan	Religion	BnF	RES-R-1136 | RES-R-1135	nan	nan	nan
LIV0040	ark:/12148/cb312778304	PERS0080	Response aux trois discours du jésuite Loïs Richeome	nan	nan	nan	PERS0079	nan	nan	3006787	La Rochelle	1600	nan	in-octavo	nan	Religion	BnF	D2-4282	nan	nan	nan
LIV0041	ark:/12148/cb31547378n	PERS0083	La Conduite de S. Ignace de Loyola	nan	nan	nan	PERS0082	PERS0081	PERS0081	2800866	Bruxelles	1548	1661	in-douze	nan	Religion	Augsbourg, Staats- und Stadtbibliothek	Th L 638	nan	https://www.digitale-sammlungen.de/en/view/bsb11288295?page=1	nan
LIV0042	ark:/12148/cb30875400h	PERS0084	Abrégé curieux et familier de toute la philosophie	nan	nan	nan	PERS0085|PERS0086	nan	nan	2988507	Paris	1642	nan	in-douze	nan	Religion	BnF	R-9690	nan	nan	nan
LIV0043	ark:/12148/cb30875424h	PERS0084	Le Théologien français	nan	nan	nan	PERS0087	nan	nan	2988507	Paris	1651	nan	in-folio	nan	Religion	Munich, Bayerische Staatsbibliothek	2 Dogm. 216 u-1/2|2 Dogm. 216 u-3	nan	nan	nan
LIV0044	ark:/12148/cb31032532m	PERS0088	Jugement et censure du livre de la Doctrine curieuse de François Garasse	nan	nan	nan	nan	nan	nan	2988507	Paris	1623	nan	in-octavo	nan	Religion	Munich, Bayerische Staatsbibliothek	Polem. 1430	nan	nan	nan
LIV0045	ark:/12148/cb31062666t	PERS0089	Pensées de M. Pascal	nan	nan	nan	PERS0090	nan	nan	2988507	Paris	1669	nan	in-douze	nan	Religion	BnF	D-21374	nan	nan	nan
LIV0046	ark:/12148/cb359482049	PERS0091	Instruction de la doctrine chrétienne	nan	nan	nan	nan	nan	nan	2988507	Paris	1659	nan	in-douze	nan	Religion	BnF	D-47574	nan	En réalité commandé par les vicaires généraux du Cardinal de Retz	nan
LIV0047	ark:/12148/cb312126099	PERS0092	Traité qui contient la méthode la plus facile et la plus assurée pour convertir ceux qui sont séparés de l’Église	nan	nan	nan	PERS0019	nan	nan	2988507	Paris	1663	nan	in-folio	nan	Religion	BnF	D-983	nan	nan	nan
LIV0048	ark:/12148/cb31212908s	PERS0093	Tableaux sacrés des figures mystiques du très auguste sacrifice et sacrement de l’Eucharistie	nan	nan	nan	PERS0094	nan	nan	2988507	Paris	1609	nan	in-octavo	nan	Religion	BnF	D-50575	nan	nan	nan
LIV0049	ark:/12148/cb312129210	PERS0093	Trois discours pour la religion catholique : des miracles, des saints et des images	nan	nan	nan	PERS0095	nan	nan	3031582	Bordeaux	1597	1598	in-octavo	nan	Religion	Munich, Bayerische Staatsbibliothek	Polem. 2356	nan	nan	nan
LIV0050	ark:/12148/cb459359152	PERS0093	Le Panthéon huguenot découvert et ruiné contre l’auteur de l’Idolâtrie papistique	nan	nan	nan	PERS0096	nan	nan	2996944	Lyon	1610	nan	nan	nan	Religion	Paris, Société de l'histoire du protestantisme français	ANDRE 878	nan	nan	nan
LIV0051	ark:/12148/cb31212889b	PERS0093	Le Pélerin de Lorète	nan	nan	nan	PERS0095	nan	nan	3031582	Bordeaux	1604	nan	in-octavo	nan	Religion	Munich, Bayerische Staatsbibliothek	Asc. 4084	nan	nan	nan
LIV0052	ark:/12148/cb30027839q	PERS0097	Les trois livres de la Rhétorique d'Aristote, traduits de grec en françois	nan	nan	nan	PERS0099	nan	nan	2988507	Paris	1608	nan	in-octavo	nan	Philosophie	BnF	X-16691	nan	nan	nan
LIV0053	ark:/12148/cb30029663h	PERS0026	La Logique, ou l'Art de penser	nan	nan	nan	PERS0100	nan	nan	2988507	Paris	1662	nan	in-douze	nan	Philosophie	BnF	NUMM-8716187	nan	nan	nan
LIV0054	ark:/12148/cb30045197w	PERS0101	Les essays politiques et moraux de messire François Bacon	nan	nan	nan	PERS0103	PERS0102	PERS0102	2988507	Paris	1620	nan	in-quarto	nan	Politique	BnF	NUMM-9623111	nan	nan	nan
LIV0055	ark:/12148/cb30597778n	PERS0104	De l'institution du prince	nan	nan	nan	PERS0105	nan	nan	2988507	Paris	1609	nan	in-octavo	nan	Politique	BnF	NUMM-83387	nan	nan	nan
LIV0056	ark:/12148/cb307298936	PERS0016	De l'Instruction de Mgr le Dauphin	nan	nan	nan	PERS0019	nan	nan	2988507	Paris	1640	nan	in-quarto	nan	Politique	Bibliothèque municipale de Lyon	Rés 317116 (2)	nan	https://numelyo.bm-lyon.fr/f_view/BML:BML_00GOO0100137001100735807	nan
LIV0057	ark:/12148/cb30753637b	PERS0107	Desseins de professions nobles et publiques, contenans plusieurs traictés divers & rares : avec l'histoire de la maison de Bourbon	nan	nan	nan	PERS0106	nan	nan	2988507	Paris	1600	1613	in-quarto	nan	Politique	BnF	NUMM-5512653	nan	nan	nan
LIV0058	ark:/12148/cb31066911b	PERS0108	De l'Institution de la république, augmentée de moytié d'annotations tirées de tous les autheurs qui en ont traicté	nan	nan	nan	PERS0110	PERS0109	PERS0109	2988507	Paris	1520	1589	in-octavo	nan	Politique	BnF	NUMM-8700371	nan	nan	nan
LIV0059	ark:/12148/cb31075839d	PERS0111	La nourriture de la noblesse, où sont representées comme en un tableau, toutes les plus belles vertus, qui peuvent accomplir un jeune gentilhomme	nan	nan	nan	PERS0112	nan	nan	2988507	Paris	1604	nan	in-octavo	nan	Politique	Bibliothèque municipale de Lyon	R-45961	nan	https://numelyo.bm-lyon.fr/f_view/BML:BML_00GOO0100137001102698276	nan
LIV0060	ark:/12148/cb37301332j	PERS0113	Trois divers traictez, par Jean d'Arrerac, conseiller du Roy au parlement de Bourdeaus. Le premier Des jurisdictions et des juges, tant ecclesiastiques que seculieres. Le second Des dignitez et grandeurs, et des offices	nan	nan	nan	PERS0114	nan	nan	3031582	Bordeaux	1625	nan	in-quarto	nan	Philosophie	BnF	NUMM-94457	nan	nan	nan
LIV0061	ark:/12148/cb30045242w	PERS0115	La sagesse mystérieuse des anciens. Ombragée du voile des fables, appliquées moralement aux secrets de l'Estat, & de la nature	nan	nan	nan	PERS0103	PERS0102	PERS0102	2988507	Paris	1609	1619	in-douze	nan	Philosophie	BnF	NUMM-6277524	nan	nan	nan
LIV0062	ark:/12148/cb300452437	PERS0115	La Sagesse mystérieuse des anciens, ombragée du voile des fables	nan	nan	nan	PERS0116	PERS0102	PERS0102	2988507	Paris	1609	1641	in-douze	nan	Philosophie	BnF	NUMM-8716928	nan	nan	nan
LIV0063	ark:/12148/cb30055923r	PERS0117	Le Portrait des esprits	nan	nan	nan	PERS0119	PERS0118	PERS0118	2988507	Paris	1625	nan	in-douze	nan	Philosophie	BnF	NUMM-8716980	nan	nan	nan
LIV0064	ark:/12148/cb39327439c	PERS0120	La Rhétorique française	nan	nan	nan	PERS0002	nan	nan	2988507	Paris	1653	nan	in-quarto	nan	Philosophie	BnF	NUMM-8725597	nan	nan	nan
LIV0065	ark:/12148/cb300669205	PERS0102	Emblèmes divers, representez dans cent quarante figures en taille douce	nan	nan	nan	PERS0121	nan	nan	2988507	Paris	1638	nan	in-quarto	nan	Philosophie	BnF	NUMM-8487|NUMM-8488	nan	nan	"l'ouvrage était aussi classé sous ""héraldique"" mais ""philo"" correpsond mieux"
LIV0066	ark:/12148/cb30071231w	PERS0122	Le Calvaire sacré, contenant de très-dévotes méditations sur les mistères de la passion de Nostre Seigneur Jésus-Christ	nan	nan	nan	PERS0123	nan	nan	2988507	Paris	1601	nan	in-douze	nan	Philosophie	BnF	D-18608	nan	https://numelyo.bm-lyon.fr/f_view/BML:BML_00GOO0100137001100715379#	nan
LIV0067	ark:/12148/cb35154241c	PERS0040	Grammaire et syntaxe françoise	nan	nan	nan	PERS0042	nan	nan	2982652	Rouen	1632	nan	in-douze	nan	Langue	BnF	MICROFICHE M-682	nan	Ark et cote du microfilm numérisé ; réédition de 1632	nan
LIV0068	ark:/12148/cb37400060w	PERS0040	Grammaire et syntaxe françoise	nan	nan	nan	PERS0043	nan	nan	2989317	Orléans	1618	nan	in-douze	nan	Langue	BnF	2000-232167	nan	Réédition de 1618 ; notice et numérisation d'un reprint de 1973	nan
LIV0069	ark:/12148/cb33097346g	PERS0045	Les origines de la langue françoise	nan	nan	nan	PERS0046	nan	nan	2988507	Paris	1650	nan	in-quarto	nan	Langue	BnF	RES M-X-77	nan	nan	nan
LIV0070	ark:/12148/cb35154319g	PERS0047	Règles de la traduction	nan	nan	nan	PERS0048	nan	nan	2988507	Paris	1660	nan	in-octavo	nan	Langue	BnF	MICROFICHE M-749	nan	Ark et cote du microfilm numérisé	nan
LIV0071	ark:/12148/cb31548981f	PERS0049	Remarques sur la langue françoise	nan	nan	nan	PERS0050 | PERS0002	nan	nan	2988507	Paris	1647	nan	in-quarto	nan	Langue	BnF	RES-X-917	nan	nan	nan
LIV0072	ark:/12148/cb361194345	PERS0051	Adresse pour aquérir la facilité de persuader	nan	nan	nan	PERS0052	nan	nan	2988507	Paris	1636	nan	in-octavo	nan	Langue	BnF	X-18561	nan	nan	nan
LIV0073	ark:/12148/cb31638332j	PERS0051	Le stylle des bons orateurs	nan	nan	nan	PERS0053	nan	nan	2988507	Paris	1619-1647	nan	in-octavo	nan	Langue	BnF	X-18491	nan	Date précise inconnue ; intervalle proposé par la BnF	nan
LIV0074	ark:/12148/cb30035501x	PERS0124	Térence justifié	nan	nan	nan	PERS0125	nan	nan	2988507	Paris	1656	nan	in-quarto	nan	Littérature	BnF	YC-4482	nan	nan	nan
LIV0075	ark:/12148/cb300354725	PERS0124	Deux dissertations	nan	nan	nan	PERS0126	nan	nan	2988507	Paris	1663	nan	in-douze	nan	Littérature	BnF	YF-2545	nan	nan	nan
LIV0076	ark:/12148/cb30035473h	PERS0124	Troisième dissertation	nan	nan	nan	PERS0126	nan	nan	2988507	Paris	1663	nan	in-douze	nan	Littérature	BnF	YF-2546	nan	nan	nan
LIV0077	ark:/12148/cb30035494g	PERS0124	La pratique du théâtre	nan	nan	nan	PERS0075	nan	nan	2988507	Paris	1657	nan	in-quarto	nan	Littérature	BnF	Y-120	nan	nan	nan
LIV0078	ark:/12148/cb30035563g	PERS0127	Les Tragiques	nan	nan	nan	nan	nan	nan	nan	nan	1616	nan	in-quarto	nan	Littérature	BnF	RES-YE-625	nan	Sans lieu ni date ; éd. Jean Moussat selonla BnF	nan
LIV0079	ark:/12148/cb336490344	PERS0130	Voyage de Monsieur le Prince de Condé en Italie	nan	nan	nan	PERS0131	nan	nan	2988507	Paris	1634	nan	in-octavo	nan	Voyage	BnF	K-7103	nan	nan	nan
LIV0080	ark:/12148/cb36062831d	PERS0132	Le Voyage et la description d’Italie	nan	nan	nan	PERS0034	nan	nan	2988507	Paris	1646	nan	nan	nan	Voyage	bnf	K-7107 (1)	nan	pas la première édition	nan
LIV0081	ark:/12148/cb309619644	PERS0133	Les Voyages de Monsieur de Monconys	nan	nan	nan	PERS0134 | PERS0135	nan	nan	2996944	Lyon	1665-166	nan	in-quarto	nan	Voyage	BnF	RES-G-1221	nan	nan	nan
LIV0082	ark:/12148/cb34004000w	PERS0136	Voyage du duc de Rohan, fait en l’an 1600, en Italie, Allemagne, Pays-Bas Uni, Angleterre, et Écosse	nan	nan	nan	PERS0137	nan	nan	2759794	Amsterdam	1646	nan	in-duedecimo	nan	Voyage	BnF	G-11038	nan	nan	nan
LIV0083	ark:/12148/cb31328792s	PERS0138	Itinerarium nobiliorum Italiae regionum, urbium, oppidorum et locorum	nan	nan	nan	PERS0139	nan	nan	3164419	Vincence	1600-1601	nan	in-octavo	nan	Voyage	BnF	K-7042	nan	autre édition de 1601 avec autre éditeur (BNF, K-7043)	nan
LIV0084	ark:/12148/cb31579603p	PERS0140	Les Voyages du seigneur de Villamont	nan	nan	nan	PERS0141	nan	nan	2996944	Lyon	1611	nan	in-octavo	nan	Voyage	BnF	G-30014	nan	nan	nan
LIV0085	ark:/12148/cb30420539w	PERS0142	Journal d’un voyage à Paris entre 1657-1658	nan	nan	nan	nan	PERS0143	nan	2988507	Paris	1657-1658	1862	nan	nan	Voyage	BnF	8-LK7-6474	nan	édité au XIXe : faut-il indexer l'éditeur ?	nan
LIV0086	ark:/12148/cb37307039k	PERS0144	L’Ulysse français, ou Le voyage de France, de Flandre et de Savoie, contenant les plus rares curiosités des pays, la situation des villes, les mœurs et les façons de faire des habitants	nan	nan	nan	PERS0034	nan	nan	2988507	Paris	1643	nan	in-octavo	nan	Description de pays	BnF	G-10913	nan	nan	nan
LIV0087	ark:/12148/cb31217227b	PERS0145	Bref recueil des choses rares, notables, antiques, cités, forteresses principales d’Italie	nan	nan	nan	PERS0146	nan	nan	3038354	Aix-en-Provence	1601	nan	in-octavo	nan	Description de pays	BnF	K-7098	nan	nan	nan
LIV0088	ark:/12148/cb37301332j	PERS0113	Trois divers traités	nan	nan	nan	PERS0114	nan	nan	3031582	Bordeaux	1625	nan	in-quarto	nan	Description de ville	BnF	4-LF3-11	nan	nan	nan
LIV0089	ark:/12148/cb318057001	PERS0147	La Ville de Paris en vers burlesques	nan	nan	nan	PERS0148 | PERS0149	nan	nan	2988507	Paris	1652	nan	in-quarto	nan	Description de ville	BnF	8-Z LE SENNE-6540	nan	nan	nan
LIV0090	ark:/12148/cb36389281x	PERS0150	Antiquités, raretés, plantes, minéraux et autres choses considérables de la ville et du comté de Castres	nan	nan	nan	PERS0151	nan	nan	3028263	Castre	1649	nan	in-octavo	nan	Description de ville	BnF	8-LK7-1682	nan	nan	nan
LIV0091	ark:/12148/cb361233083	PERS0152	Abrégé des antiquités de la ville de Paris contenant les choses les plus remarquables, tant anciennes que modernes	nan	nan	nan	PERS0153	nan	nan	2988507	Paris	1664	nan	in-duedecimo	nan	Description de ville	BnF	8-LK7-5997	nan	nan	nan
LIV0092	ark:/12148/cb302974591	PERS0154	Le Trésor des merveilles de la maison royale de Fontainebleau	nan	nan	nan	PERS0019	nan	nan	2988507	Paris	1642	nan	in-folio	nan	Description de ville	BnF	R109716	nan	nan	nan
LIV0093	ark:/12148/cb30335637q	PERS0156	Description contenant toutes les singularités des plus célèbres villes et places remarquables du royaume de France, avec les choses plus mémorables advenues en icelui	nan	nan	nan	PERS0157	nan	nan	2982652	Rouen	1611	nan	in-octavo	nan	Description de ville	BnF	8-L20-6 (B)	nan	nan	nan
LIV0094	ark:/13960/t85h8cm5s	PERS0158	Romae hospes, ubi multa antiquorum monumenta explicantur	nan	nan	nan	PERS0159	nan	nan	3169070	Rome	1585	nan	in-quarto	nan	Description de ville	Heidelberg	C 4974 RES	nan	pas d'exemplaire connu en France, n° ARK est ici de l'exemplaire disponible sur Archive.org	nan
LIV0095	ark:/12148/cb311223201	PERS0160	Description de Paris	nan	nan	nan	PERS0162	PERS0161	nan	6430828	Nogent-le-Rotrou	1896	nan	in-octavo	nan	Description de ville	BnF	8-LK7-30390	nan	préfacier : faut-il le mentionner ? Dans quelle case ?	nan
LIV0096	ark:/12148/cb312790532	PERS0163	Histoire de la ville de Lyon, ancienne et moderne	nan	nan	nan	PERS0165	PERS0164	nan	2996944	Lyon	1666	nan	in-folio	nan	Description de ville	BnF	FOL-LK7-4298 (HISTOIREDELYON)	nan	nan	nan
LIV0097	ark:/12148/cb31304483m	PERS0166	Histoire et recherche des antiquités de la ville de Paris	nan	nan	nan	PERS0167 | PERS0168	nan	nan	2988507	Paris	1734	nan	in-folio	nan	Description de ville	BnF	FOL-LK7-6483 (1) | FOL-LK7-6483 (2) | FOL-LK7-6483 (3)	nan	Un numéro d'inventaire pour chaque tome de la BNF	nan
LIV0098	ark:/12148/cb31212882x	PERS0093	L’Idolâtrie huguenote figurée au patron de la vieille païenne	nan	nan	nan	PERS0096	nan	nan	2996944	Lyon	1608	nan	in-octavo	nan	Religion	BnF	D-22049	nan	nan	nan
LIV0099	ark:/12148/cb30391527d	PERS0169	Lettres chrétiennes et spirituelles	nan	nan	nan	PERS0170|PERS0171|PERS0172|PERS0173	nan	nan	2988507	Paris	1645	nan	in-quarto	nan	Religion	BnF	D-7468	nan	nan	nan
LIV0100	ark:/12148/cb30391553z	PERS0169	Théologie familière	nan	nan	nan	PERS0171	nan	nan	2988507	Paris	1626	1644	in-douze	nan	Religion	BnF	D-11987	nan	nan	nan
LIV0101	ark:/12148/cb31569700q	PERS0174	Le Temple de la félicité	nan	nan	nan	PERS0038	nan	nan	2988507	Paris	1630	nan	in-quarto	nan	Religion	BnF	AU, R-6213	nan	nan	nan
LIV0102	ark:/12148/cb31418361c	PERS0176	Le Chemin de la vie éternelle	nan	nan	nan	PERS0175	PERS0177	PERS0177	2803138	Anvers	1620	1623	in-octavo	nan	Religion	Vienne, Österreichische Nationalbibliothek	212037-B	nan	nan	nan
LIV0103	ark:/12148/cb33255845j	nan	Basilica in honorem S. Francisci Xaverii	nan	nan	nan	PERS0019|PERS0069	nan	nan	2988507	Paris	1640	1664	in-douze	nan	Religion	BnF	8-Z LE SENNE-8446 (2)	nan	nan	nan
LIV0104	ark:/12148/cb301360923	PERS0179	Les Trois visions de Childéric	nan	nan	nan	PERS0178	nan	nan	2988507	Paris	1595	nan	in-quarto	nan	Histoire	BnF	YE-35310	nan	nan	nan
LIV0105	ark:/12148/cb303327378	PERS0180	Elogia illustrium Gallorum	nan	nan	nan	nan	nan	nan	2988507	Paris	1636	nan	in-quarto	nan	Histoire	BnF	RES M-YC-968 (43)	nan	nan	nan
LIV0106	ark:/12148/cb30474698p	PERS0181	Méthode qu’on doit tenir en la lecture de l’histoire	nan	nan	nan	PERS0182	PERS0178	nan	2988507	Paris	1604	nan	in-douze	nan	Histoire	BnF	G-32638	nan	nan	nan
LIV0107	ark:/12148/cb308667351	PERS0183	De la gloire et magnificence des anciens	nan	nan	nan	PERS0184	nan	nan	2988507	Paris	1612	nan	in-octavo	nan	Histoire	Munich, Bayerische Staatsbibliothek	Arch. 82	nan	nan	nan
LIV0108	ark:/12148/cb30745658k	PERS0185	Le Portrait de Scipion l’Africain	nan	nan	nan	PERS0186	nan	nan	3031582	Bordeaux	1641	nan	in-folio	nan	Histoire	BnF	RES-LB36-3246	nan	nan	nan
LIV0109	ark:/12148/cb31454046h	PERS0187	Les Vrais pourtraits et vies des hommes illustres, grecs, latins et païens	nan	nan	nan	PERS0110|PERS0188	nan	nan	2988507	Paris	1584	nan	in-folio	nan	Histoire	BnF	RES-G-732	nan	nan	nan
LIV0110	ark:/12148/cb309257385	PERS0164	Le Véritable art du blason	nan	nan	nan	PERS0165	nan	nan	2996944	Lyon	1659	nan	in-vingt-quatre	nan	Héraldique	BnF	RES-V-3223	nan	nan	nan
LIV0111	ark:/12148/cb30925619m	PERS0164	L'art des emblèmes	nan	nan	nan	PERS0165	nan	nan	2996944	Lyon	1662	nan	in-douze	nan	Héraldique	BnF	Z-17489	Ce n'est pas de l'héraldique: à mettre plutôt sous philosophie ou alors créer une cat. emblématique	nan	nan
LIV0112	ark:/12148/cb324406642	PERS0164	Abbregé méthodique des principes héraldiques	nan	nan	nan	PERS0189	nan	nan	2996944	Lyon	1661	1673	in-douze	nan	Héraldique	BnF	8-Z LE SENNE-5307	nan	nan	nan
LIV0113	ark:/12148/cb302078149	PERS0190	La Perspective avec la raison des ombres et des miroirs	nan	nan	nan	PERS0191	nan	nan	2643743	Londres	1612	nan	in-folio	nan	Perspective	BnF	RES-V-442	nan	nan	nan
LIV0114	ark:/12148/cb36126199d	PERS0193	La perspective practique	nan	nan	nan	PERS0195|PERS0194	nan	nan	2988507	Paris	1642-1649	nan	in-quarto	nan	Perspective	BnF	4-IA-11|4-IA-11 (A)|4-IA-11 (B)	nan	nan	nan
LIV0115	ark:/12148/cb31570794x	PERS0196|PERS0197|PERS0199	La Perspective positive de Viator	nan	nan	nan	PERS0198	nan	nan	3009443	La Flèche	1635	nan	in-octavo	nan	Perspective	Paris, INHA	12 Res 52	Le manuscrit rédigé en 1625 (?) est à Paris, BNF, Manuscrits, Fr. 19 065	nan	nan
LIV0116	nan	PERS0200	La Très noble perspective	nan	nan	nan	PERS0201	nan	nan	2759794	Amsterdam	1615	1619	nan	nan	Perspective	Munich, Bayerische Staatsbibliothek	2 Math.a. 63	nan	nan	nan
LIV0117	ark:/12148/cb31014590v	PERS0203	La perspective curieuse, ou Magie artificielle des effets merveilleux	nan	nan	nan	PERS0202	nan	nan	2988507	Paris	1638	nan	in-folio	nan	Perspective	BnF	FOL-S-1353 (1)	nan	nan	nan
LIV0118	ark:/12148/cb30092724n	PERS0204	Les appréhensions spirituelles, poèmes & autres oeuvres philosophiques	nan	nan	nan	PERS0205	nan	nan	2988507	Paris	1583	nan	in-douze	nan	Philosophie	BnF	NUMM-1527227	nan	nan	nan
LIV0119	ark:/12148/cb30092733m	PERS0204	Le cabinet de Minerve. Auquel sont plusieurs Singularitez. Figures. Tableaux. Antiques. Recherches saintes. Remarques serieuses. Observations amoureuses. Subtilitez agreables. Rencontres ioyeuses, & quelques histoires meslees és avantures de la Sage Fenisse patron du devoir	nan	nan	nan	PERS0206	nan	nan	2982652	Rouen	1597	nan	in-douze	nan	Philosophie	Lyon	800257	nan	nan	"Gabriel : Le livre était aussi dans ma liste ""littérature"""
LIV0120	ark:/12148/cb30092769m	PERS0204	Le palais des curieux, auquel sont assemblés plusieurs diversitez pour le plaisir des doctes, & le bien de ceux qui désirent scavoir	nan	nan	nan	PERS0207|PERS0208	nan	nan	2988507	Paris	1612	nan	in-douze	nan	Philosophie	BnF	NUMS-100773942	nan	nan	"Gabriel : Le livre était aussi dans ma liste ""littérature"""
LIV0121	ark:/12148/cb30092742k	PERS0204	Le moyen de parvenir, oeuvre contenant la raison de tout ce qui a esté, est et sera, avec démonstrations certaines et nécessaires, selon la rencontre des effects de vertu. Il adviendra que ceux qui auront nez à porter lunettes s'en serviront, ainsi qu'il est escrit au Dictionnaire à dormir en toutes langues	nan	nan	nan	nan	nan	nan	nan	nan	nan	nan	in-douze	nan	Philosophie	BnF	NUMM-1524023	nan	nan	nan
LIV0122	ark:/12148/cb30106564m	PERS0209	Essay des merveilles de nature et des plus nobles artifices	nan	nan	nan	PERS0210	nan	nan	2982652	Rouen	1621	nan	in-quarto	nan	Philosophie	BnF	NUMM-6261501	nan	nan	nan
LIV0123	ark:/13960/t1sf5tp5w	PERS0211	Corps de toute la philosophie diuise en deux parties. La premiere contient tout ce qui appartient à la sapience à sçauoir, la logique, la physique & la metaphysique. La seconde contient tout ce qui appartient à la prudence à sçauoir, la morale, l'oeconomique & la politique. Le tout par demostrantion & auctorité d'Aristote	nan	nan	nan	PERS0212	nan	nan	2988507	Paris	1614	nan	in-folio	nan	Philosophie	Rome	nan	https://archive.org/details/bub_gb_WZK9spR5mTUC/page/n3/mode/2up	nan	nan
LIV0124	ark:/12148/cb30195800t	PERS0213	Les livres de Hiérome Cardanus,... intitulés de la subtilité et subtiles inventions, ensemble les causes occultes et raisons d'icelles	nan	nan	nan	PERS0215	PERS0214	PERS0214	2988507	Paris	1556	1584	in-octavo	nan	Philosophie	BnF	NUMM-8704196	nan	nan	nan
LIV0125	ark:/12148/cb459169403	PERS0216	Les images des dieux des Anciens, contenant les idoles, coustumes, cérémonies et autres choses	nan	nan	nan	PERS0218|PERS0219	PERS0217	PERS0217	2996944	Lyon	1556	1581	in-quarto	nan	Mythographie	BnF	NUMM-1090875	nan	nan	nan
LIV0126	ark:/12148/cb30205104k	PERS0220	Le parfait courtisan du comte Baltasar Castillonois	nan	nan	nan	PERS0222	PERS0221	PERS0221	2988507	Paris	1528	1585	in-octavo	nan	Philosophie	BnF	NUMM-75479	nan	nan	nan
LIV0127	ark:/12148/cb30212547f	PERS0223	Le Philosophe françois	nan	nan	nan	PERS0075	nan	nan	2988507	Paris	1643	nan	in-douze	nan	Philosophie	BnF	NUMM-8718148	nan	nan	nan
LIV0128	ark:/12148/cb302199237	PERS0224	Considérations sur la sagesse de Charon en deux parties	nan	nan	nan	PERS0225	nan	nan	2988507	Paris	1643	nan	in-octavo	nan	Philosophie	BnF	NUMM-95607	nan	nan	nan
LIV0129	ark:/12148/cb30219927m	PERS0224	Traité de l'esprit de l'homme et de ses fonctions	nan	nan	nan	PERS0050|PERS0002	nan	nan	2988507	Paris	1649	nan	in-octavo	nan	Philosophie	BnF	NUMM-76032	nan	nan	nan
LIV0130	nan	PERS0226	Au Roy et a nosseigneurs de son Conseil	nan	nan	nan	nan	nan	nan	nan	nan	1648	nan	nan	nan	Philosophie	ENSBA	ms. 25 1(copie ancienne).	p. 195-207 : https://gallica.bnf.fr/ark:/12148/bpt6k58322551/f206.item	nan	nan
LIV0131	ark:/12148/cb302255628	PERS0227	De la sagesse livres trois	nan	nan	nan	PERS0095	nan	nan	3031582	Bordeaux	1601	nan	in-octavo	nan	Philosophie	BnF	IFN-8626236	nan	nan	nan
LIV0132	ark:/12148/cb302443172	PERS0228	Le premier livre de l'Orateur de Cicéron	nan	nan	nan	PERS0006	PERS0229	PERS0229	2988507	Paris	1601	nan	in-douze	nan	Philosophie	BnF	X-17067	à numériser !	nan	nan
LIV0133	ark:/12148/cb30243445b	PERS0228	Le Traicté de Cicéron de la meilleure forme d'orateurs, le sixième livre des Commentaires de Caesar, où est faicte mention des moeurs et façons de faire des anciens Gaullois et Allemans, et la Germanie, de Cornelius Tacitus	nan	nan	nan	PERS0178	PERS0230	PERS0230	2988507	Paris	1575	nan	in-quarto	nan	Philosophie	BnF	RES-R-1325	à numériser !	nan	nan
LIV0134	ark:/12148/cb302540806	PERS0231	Tableau des passions humaines, de leurs causes et de leurs effets	nan	nan	nan	PERS0019	nan	nan	2988507	Paris	1620	nan	in-octavo	nan	Philosophie	BnF	NUMM-73127	nan	nan	nan
LIV0135	ark:/12148/cb30260293b	PERS0233	Le tableau des riches inventions couvertes du voile des feintes amoureuses, qui sont representees dans le Songe de Poliphile desvoilees des ombres du songe, & subtilement exposees par Beroalde	nan	nan	nan	PERS0232	PERS0204	PERS0204	2988507	Paris	1467	1600	in-quarto	nan	Mythographie	BnF	NUMM-1523434	nan	nan	nan
LIV0136	ark:/12148/cb302662975	PERS0234	Mythologie, ou Explication des fables, oeuvre d'eminente doctrine, & d'agreable lecture	nan	nan	nan	PERS0208|PERS0235	PERS0102	PERS0102	2988507	Paris	1551	1627	in-folio	nan	Mythographie	BnF	NUMM-8716140	nan	nan	nan
LIV0137	ark:/12148/cb30266293s	PERS0234	Mythologie, c'est à dire explication des fables, cótenant les gñalogies des dieux, les cérimonies de leurs sacrifices, leurs gestes, adventures, amours et presque tous les préceptes de la philosophie naturelle et moralle	nan	nan	nan	PERS0328	PERS0236	PERS0236	2996944	Lyon	1551	1604	in-quarto	nan	Mythographie	BnF	NUMM-8716493|NUMM-8716494	nan	nan	nan
LIV0138	ark:/12148/cb359503443	PERS0238	Traicté de la Cour	nan	nan	nan	nan	nan	nan	nan	nan	1617	nan	in-octavo	nan	Philosophie	BnF	NUMM-83053	nan	nan	nan
LIV0139	ark:/12148/cb302862607	PERS0068	Vacationes autumnales, sive de Perfecta oratoris actione et pronunciatione libri III	nan	nan	nan	PERS0069	nan	nan	2988507	Paris	1620	nan	in-quarto	nan	Philosophie	Lyon	347767	https://numelyo.bm-lyon.fr/f_view/BML:BML_00GOO0100137001101758428	nan	nan
LIV0140	ark:/12148/cb30291678d	PERS0239	Les Charactères des Passions	nan	nan	nan	PERS0240|PERS0241	nan	nan	2988507	Paris	1648-1662	nan	in-quarto	nan	Philosophie	BnF	NUMM-8715639|NUMM-8715661|NUMM-8715640|NUMM-8715641NUMM-8715667	nan	nan	nan
LIV0141	ark:/12148/cb302916683	PERS0239	L'art de connoistre les hommes	nan	nan	nan	PERS0240	nan	nan	2988507	Paris	1659	nan	in-quarto	nan	Philosophie	BnF	NUMM-6568797	nan	nan	nan
LIV0142	ark:/12148/cb30291699c	PERS0239	Recueil des épistres, lettres et préfaces de M. de La Chambre	nan	nan	nan	PERS0036	nan	nan	2988507	Paris	1664	nan	in-douze	nan	Philosophie	BnF	NUMM-6279574	nan	nan	nan
LIV0143	ark:/12148/cb39310544b	PERS0242	La magie naturelle, qui est, les secrets & miracles de Nature, mise en quatre livres, par Jean Baptiste Porta, Napolitain	nan	nan	nan	PERS0243	nan	nan	2982652	Rouen	1589	1631	in-douze	nan	Philosophie	BnF	NUMM-857218	nan	nan	nan
LIV0144	ark:/12148/cb311378722	PERS0242	La Magie naturelle divisée en quatre livres, par Jean-Baptiste Porta, contenant les secrets et miracles de nature, et nouvellement l'introduction à la belle magie, par Lazare Meyssonnier	nan	nan	nan	PERS0244	PERS0245	PERS0245	2996944	Lyon	1589	1650	in-douze	nan	Philosophie	Lyon	800504	https://numelyo.bm-lyon.fr/f_view/BML:BML_00GOO0100137001100556161	nan	nan
LIV0145	ark:/12148/cb30328384x	PERS0246	Discours de la méthode pour bien conduire sa raison et chercher la vérité dans les sciences, plus La dioptrique, Les météores et La géométrie qui sont des essais de cette méthode	nan	nan	nan	PERS0247	nan	nan	2751773	Leyde	1637	nan	in-quarto	nan	Philosophie	BnF	IFN-8606959	nan	nan	nan
LIV0146	ark:/12148/cb30328498w	PERS0246	Les Passions de l'ame	nan	nan	nan	PERS0248	nan	nan	2988507	Paris	1649	nan	in-douze	nan	Philosophie	BnF	IFN-8601505	nan	nan	nan
LIV0147	ark:/12148/cb303284548	PERS0246	Lettres de M. Descartes, où sont traittées les plus belles questions de la morale, de la physique, de la médecine et des mathématiques	nan	nan	nan	PERS0250	PERS0249	PERS0249	2988507	Paris	1657-1667	nan	in-quarto	nan	Philosophie	Bnf	NUMM-5401225|NUMM-5837833|NUMM-5401228	nan	nan	nan
LIV0148	ark:/12148/cb30328444z	PERS0246	L'Homme de René Descartes et un Traitté de la formation du foetus du mesme autheur	nan	nan	nan	PERS0250	PERS0251|PERS0249|PERS0253	PERS0251|PERS0249|PERS0253	2988507	Paris	1664	nan	in-quarto	nan	Philosophie	BnF	IFN-8601518	nan	nan	nan
LIV0149	ark:/12148/cb30328477x	PERS0246	Les Méditations métaphysiques de René Des-Cartes touchant la premiere philosophie	nan	nan	nan	PERS0050|PERS0002	PERS0249|PERS0254	nan	2988507	Paris	1644	1647	in-quarto	nan	Philosophie	BnF	IFN-8601509	nan	nan	nan
LIV0150	ark:/12148/cb30716782b	PERS0251	Traitté de l'esprit de l'homme, de ses facultez et fonctions, et de son union avec le corps, suivant les Principes de René Descartes	nan	nan	nan	PERS0116|PERS0252	nan	nan	2988507	Paris	1661	nan	in-quarto	nan	Philosophie	BnF	NUMM-164900	nan	nan	nan
LIV0151	ark:/12148/cb300410969	PERS0255	Les Lettres du Sr Auvray	nan	nan	nan	PERS0046	nan	nan	2988507	Paris	1630	nan	in-octavo	nan	Littérature	BnF	NUMM-6437147	nan	nan	nan
LIV0152	ark:/12148/cb30101721p	PERS0256	Les Oeuvres poétiques de Beys	nan	nan	nan	PERS0131	nan	nan	2988507	Paris	1652	nan	in-quarto	nan	Littérature	BnF	NUMM-8725659	nan	nan	nan
LIV0153	ark:/12148/cb30134720p	PERS0257	A Messieurs de l'Académie royale de la peinture et sculpture	nan	nan	nan	PERS0257	nan	nan	2988507	Paris	1660	nan	in-quarto	nan	Littérature	BnF	NUMM-72080	nan	nan	Auto-édité par Bosse ?
LIV0154	ark:/12148/cb30191021m	PERS0062	Conférence académique sur le différent des belles-lettres de Narcisse et de Phyllarque	nan	nan	nan	PERS0056	nan	nan	2988507	Paris	1630	nan	in-octavo	nan	Littérature	BnF	NUMM-6260702	nan	nan	nan
LIV0155	ark:/12148/cb33989107v	PERS0258|PERS0259	Les Sentimens de l'académie française sur la tragi-comédie du Cid	nan	nan	nan	PERS0013	nan	nan	2988507	Paris	1638	nan	in-octavo	nan	Littérature	BnF	NUMM-8712257	nan	nan	nan
LIV0156	ark:/12148/cb30257544f	PERS0152	Les muses illustres	nan	nan	nan	PERS0260|PERS0261	nan	nan	2988507	Paris	1658	nan	in-douze	nan	Littérature	BnF	NUMM-6580295	nan	nan	nan
LIV0157	ark:/12148/cb30257572p	PERS0152	L'art poétique	nan	nan	nan	PERS0075|PERS0261	nan	nan	2988507	Paris	1657-1658	nan	in-douze	nan	Littérature	BnF	NUMM-6505782	nan	nan	L'ark vaut pour l'ensemble ; la cote seulement pour le premier volume
LIV0158	ark:/12148/cb30265833b	PERS0262	Le Jardin et Cabinet poétique	nan	nan	nan	PERS0263	nan	nan	2986495	Poitiers	1609	nan	in-quarto	nan	Littérature	BnF	NUMM-8711407	nan	nan	nan
LIV0159	ark:/12148/cb33989209t	PERS0264	Oeuvres de P. Corneille (La Poésie à la peinture)	nan	nan	nan	PERS0266	PERS0265	nan	2988507	Paris	1648	1862-1868	in-octavo	nan	Littérature	BnF	NUMM-9667139	nan	nan	nan
LIV0160	ark:/12148/cb30311148m	PERS0267	L'académie de l'art poétique	nan	nan	nan	PERS0268	nan	nan	2988507	Paris	1610	nan	in-octavo	nan	Littérature	BnF	NUMM-108380	nan	nan	nan
LIV0161	ark:/12148/cb30332832t	PERS0269	Clovis, ou La France chrestienne	nan	nan	nan	PERS0046|PERS0248|PERS0270	nan	nan	2988507	Paris	1657	nan	in-quarto	nan	Littérature	BnF	IFN-8617149	nan	nan	nan
LIV0162	ark:/12148/cb303574430	PERS0271	Les Oeuvres françoises de Joachim Du Bellay	nan	nan	nan	PERS0006	nan	nan	2988507	Paris	1584	nan	in-douze	nan	Littérature	BnF	NUMM-8701311	nan	nan	nan
LIV0163	ark:/12148/cb335714938	PERS0272	Recueil des plus beaux vers	nan	nan	nan	PERS0272	PERS0272	nan	2988507	Paris	1627	nan	in-octavo	nan	Littérature	ONB	*38.Dd.122 ALT PRUNK	nan	nan	Le nom d'auteur renseigné ici est celui de l'éditeur ; auteurs très nombreux (recueil) ; http://data.onb.ac.at/rec/AC10094517
LIV0164	ark:/12148/cb315826156	PERS0273	Satires de Dulorens	nan	nan	nan	PERS0075	PERS0274	nan	2988507	Paris	1646	1869	in-seize	nan	Littérature	BnF	NUMM-5773055	nan	nan	nan
LIV0165	ark:/12148/cb30378680d	PERS0275	Les diverses oeuvres de l'illustrissime cardinal Du Perron	nan	nan	nan	PERS0276	nan	nan	2988507	Paris	1622	nan	in-folio	nan	Littérature	BnF	NUMM-6538816	nan	nan	nan
LIV0166	ark:/12148/cb35205821s	PERS0277	Nouveau recueil de diverses poésies 	nan	nan	nan	PERS0149	nan	nan	2988507	Paris	1659	nan	in-douze	nan	Littérature	BnF	NUMM-7724	nan	nan	nan
LIV0167	ark:/12148/cb30369229k	PERS0278	De arte graphica liber	nan	nan	nan	PERS0036	nan	nan	2988507	Paris	1668	nan	in-douze	nan	Littérature	BnF	NUMM-71208	nan	nan	nan
LIV0168	ark:/12148/cb30406099d	PERS0279	Les Fables d'Aesope	nan	nan	nan	PERS0281	PERS0280	PERS0280	3031009	Bourg-en-Bresse	1646	nan	in-seize	nan	Littérature	BnF	NUMM-858148	nan	nan	nan
LIV0169	ark:/12148/cb300514749	PERS0282	Les Oeuvres diverses du sieur de Balzac	nan	nan	nan	PERS0240	nan	nan	2988507	Paris	1644	1646	in-quarto	nan	Littérature	BnF	NUMM-1510042	nan	nan	nan
LIV0170	ark:/12148/cb30051525c	PERS0282	Lettres de Monsieur de Balzac. Troisiesme edition	nan	nan	nan	PERS0272	nan	nan	2988507	Paris	1626	nan	in-octavo	nan	Littérature	BnF	NUMM-323998	nan	nan	nan
LIV0171	ark:/12148/cb300515241	PERS0282	Lettres du sieur de Balzac 	nan	nan	nan	PERS0272	nan	nan	2988507	Paris	1624	nan	in-octavo	nan	Littérature	BnF	IFN-8626242	nan	nan	nan
LIV0172	ark:/12148/cb30051542z	PERS0283	Lettres familières de Monsieur de Balzac à Monsieur Chapelain 	nan	nan	nan	PERS0046	PERS0283	nan	2988057	Paris	1656	nan	in-octavo	nan	Littérature	BnF	NUMM-8727191	nan	nan	nan
LIV0173	ark:/12148/cb314972082	PERS0284	La lyre du sieur Tristan	nan	nan	nan	PERS0046	nan	nan	2988507	Paris	1641	nan	in-quarto	nan	Littérature	BnF	NUMM-5541074	nan	nan	nan
LIV0174	ark:/12148/cb31497225n	PERS0284	Les vers héroïques du sieur Tristan Lhermite	nan	nan	nan	PERS0149|PERS0285	nan	nan	2988507	Paris	1648	nan	in-quarto	nan	Littérature	BnF	NUMM-5545094	nan	nan	nan
LIV0175	ark:/12148/cb308140525	PERS0286	Meslanges de poésies héroïques et burlesques	nan	nan	nan	PERS0289|PERS0290	nan	nan	2988507	Paris	1650	nan	in-quarto	nan	Littérature	BnF	NUMM-5542250	nan	nan	nan
LIV0176	ark:/12148/cb30707050t	PERS0288	Les Théorèmes	nan	nan	nan	PERS0149|PERS0288	nan	nan	2972315	Toulouse	1613-1621	nan	in-quarto	nan	Littérature	BnF	NUMM-1520215|NUMM-1525613	nan	nan	2 volumes ; l'ark vaut pour l'ensemble
LIV0177	ark:/12148/cb39331182f	PERS0291	Le Parnasse ou Le critique des poetes	nan	nan	nan	PERS0131	nan	nan	2988507	Paris	1635	nan	in-octavo	nan	Littérature	MDZ	BV001441132	nan	nan	Ark BNF mais version numérisée et cote de la MDZ
LIV0178	ark:/12148/cb30749159h	PERS0292	L'art poétique françois	nan	nan	nan	PERS0293	nan	nan	2988507	Paris	1598	nan	in-seize	nan	Littérature	BnF	NUMM-70051	nan	nan	nan
LIV0179	ark:/12148/cb30866479t	PERS0294	Oeuvres de Malherbe	nan	nan	nan	PERS0266	PERS0295	nan	2988507	Paris	1862-1869	nan	nan	nan	Littérature	BnF	NUMM-5206	nan	nan	1 ark d'ensemble mais 5 volumes et 1 album
LIV0180	ark:/12148/cb30885618b	PERS0296|PERS0258	L'Adone	nan	nan	nan	PERS0297	nan	nan	2988507	Paris	1623	nan	in-folio	nan	Littérature	BnF	NUMM-132947	nan	nan	nan
LIV0181	ark:/12148/cb35153778v	PERS0045	Le Parnasse alarmé	nan	nan	nan	PERS0046	nan	nan	2988507	Paris	1649	nan	nan	nan	Littérature	BnF	NUMM-50788	nan	nan	nan
LIV0182	ark:/12148/cb30332880p	PERS0269	La vérité des fables, ou L'histoire des dieux de l'Antiquité	nan	nan	nan	PERS0248	nan	nan	2988507	Paris	1648	nan	in-octavo	nan	Philosophie	BnF	NUMM-5509675|NUMM-5510460	nan	nan	nan
LIV0183	ark:/12148/cb30349750c	PERS0298	Les observations de diverses choses remarquees sur l'Estat, couronne & peuple de France, tant ancien que moderne	nan	nan	nan	PERS0299	nan	nan	2970777	Vannes	1597	nan	in-quarto	nan	Philosophie	Münich	BV001407312	https://www.digitale-sammlungen.de/en/view/bsb10159551?page=,1	nan	nan
LIV0184	ark:/12148/cb303802990	PERS0007	La Logique, ou Art de discourir et raisonner	nan	nan	nan	PERS0300	nan	nan	2988507	Paris	1600	1604	in-douze	nan	Philosophie	BnF	NUMM-8718477	nan	nan	nan
LIV0185	ark:/12148/cb303802708	PERS0007	L'Éthique ou philosophie morale	nan	nan	nan	PERS0094	nan	nan	2988507	Paris	1610	1617	in-douze	nan	Philosophie	BnF	NUMM-8704351	nan	nan	nan
LIV0186	ark:/12148/cb335693315	PERS0301	Recueil de lettres nouvelles : dédié à monseigneur le cardinal de Richelieu	nan	nan	nan	PERS0272	nan	nan	2988507	Paris	1627	nan	in-octavo	nan	Philosophie	BnF	NUMM-108382	nan	nan	nan
LIV0187	ark:/12148/cb304298701	PERS0302	Traicté de l'essence et guerison de l'amour. Ou De la melancholie erotique	nan	nan	nan	PERS0289|PERS0290	nan	nan	2972315	Toulouse	1610	nan	in-douze	nan	Philosophie	BnF	IFN-8626817	nan	nan	nan
LIV0188	ark:/12148/cb30520661h	PERS0303	La doctrine des moeurs tirée de la philosophie des stoïques : représentée en cent tableaux et expliquée en cent discours pour l'instruction de la jeunesse	nan	nan	nan	PERS0305	PERS0304	nan	2988507	Paris	1646	nan	in-folio	nan	Philosophie	BnF	NUMM-109156	nan	nan	nan
LIV0189	ark:/12148/cb322496359	PERS0306	Elemens philosophiques du bon citoyen, traicté politique où les fondemens de la société civile sont découverts, par Thomas Hobbes et traduits en français par un de ses amis	nan	nan	nan	PERS0308|PERS0309	PERS0307	PERS0307	2988507	Paris	1642	1651	in-octavo	nan	Philosophie	BnF	NUMM-8719362	nan	nan	nan
LIV0190	ark:/12148/cb30622109p	PERS0311	L'Examen des esprits pour les sciences	nan	nan	nan	PERS0100	nan	nan	2988507	Paris	1573	1645	in-octavo	nan	Philosophie	BnF	NUMM-8718845	nan	nan	nan
LIV0191	ark:/12148/cb304636778	PERS0313	Discours des passions humaines|Des passions de l'âme et de la joie et de la douleur	nan	nan	nan	PERS0312	PERS0314	nan	2988507	Paris	1574-1589	1887	in-octavo	nan	Philosophie	BnF	NUMM-9818220	p. 242-273	nan	nan
LIV0192	ark:/12148/cb39331318w	PERS0313	Le second volume des oeuvres d'Amadis Jamin, secretaire, & lecteur ordinaire du la Chambre du Roy. Au Roy de France et de Pologne	nan	nan	nan	PERS0315	nan	nan	2988507	Paris	1584	nan	in-douze	nan	Philosophie	BnF	NUMM-1503069	fol. 129r°-182r°	nan	nan
LIV0193	ark:/12148/cb30729915p	PERS0016	Petits traitez en forme de lettres escrites à diverses personnes studieuses	nan	nan	nan	PERS0046	nan	nan	2988507	Paris	1648	nan	in-quarto	nan	Philosophie	BnF	NUMM-6234965	nan	nan	nan
LIV0194	ark:/12148/cb30714066p	PERS0316	Reiglement général pour dresser les manufactures et ouvrages en ce royaume et couper les cours des draps de soye et autres marchandises qui perdent et ruynent l'État	nan	nan	nan	PERS0317	nan	nan	2982652	Rouen	1597	nan	in-octavo	nan	Philosophie	BnF	NUMM-8719439	nan	nan	nan
LIV0195	ark:/12148/cb30801873d	PERS0318	La philosophie divisée en cinq parties, par Louis de Lesclache. La Seconde partie de la philosophie, ou la Science générale	nan	nan	nan	PERS0029	nan	nan	2988507	Paris	1648-1650	nan	in-octavo	nan	Philosophie	BnF	NUMM-8715439|NUMM-8715480	nan	nan	nan
LIV0196	ark:/12148/cb30843752g	PERS0319	La Manière de lire l'histoire	nan	nan	nan	PERS0320	nan	nan	2988507	Paris	1614	nan	in-octavo	nan	Philosophie	BnF	NUMM-8714681	disponible ici : https://books.google.ch/books?id=lHpnAAAAcAAJ&printsec=frontcover&hl=fr&source=gbs_ge_summary_r&cad=0#v=onepage&q&f=false	nan	nan
LIV0197	ark:/12148/cb30925733f	PERS0164	Le Temple de la sagesse ouvert à tous les peuples, dessein des peintures de la grande cour du collège de la très Sainte Trinité	nan	nan	nan	PERS0321	nan	nan	2996944	Lyon	1663	nan	in-octavo	nan	Philosophie	BnF	NUMM-314481	nan	nan	nan
LIV0198	ark:/12148/cb30932210w	PERS0322	Harmonie universelle, contenant la théorie et la pratique de la musique	nan	nan	nan	PERS0019	nan	nan	2988507	Paris	1636-1637	nan	in-folio	nan	Philosophie	BnF	NUMM-5471093|NUMM-5471046	nan	nan	nan
LIV0199	ark:/12148/cb309322206	PERS0322	Les Préludes de l'harmonie universelle, ou Questions curieuses utiles aux prédicateurs, aux théologiens, aux astrologues, aux médecins et aux philosophes	nan	nan	nan	PERS0323	nan	nan	2988507	Paris	1634	nan	in-octavo	nan	Philosophie	BnF	IFN-8620758	nan	nan	nan
LIV0200	ark:/12148/cb30932224k	PERS0322	Questions inouyes, ou Récréation des sçavans, qui contiennent beaucoup de choses concernantes la théologie, la philosophie et les mathématiques	nan	nan	nan	PERS0121	nan	nan	2988507	Paris	1634	nan	in-octavo	nan	Philosophie	Lyon	303689	https://numelyo.bm-lyon.fr/f_view/BML:BML_00GOO0100137001100814966	nan	nan
LIV0201	ark:/12148/cb31005657b	PERS0324	Advis pour dresser une bibliotheque	nan	nan	nan	PERS0325	nan	nan	2988507	Paris	1627	nan	in-octavo	nan	Philosophie	BnF	NUMM-5745621	nan	nan	nan
LIV0202	ark:/12148/cb30291944x	PERS0326|PERS0327	Les hiéroglyphiques de Jan Pierre Valerian, vulgairement nommé Pierius. Autrement Commentaires des lettres et figures sacrées des Aegyptiens & autres nations, oeuvre réduicte en cinquante huict livres ausquels sont adjoincts deux autres de Coelius Curio, touchant ce qui est signifié par les diverses effigies et pourtraicts des dieux et des hommes, nouvellement donnez aux François par J. de Montlyard	nan	nan	nan	PERS0328	PERS0236	PERS0236	2996944	Lyon	1556	1615	in-folio	nan	Mythographie	BnF	NUMM-5541549	nan	nan	nan
LIV0203	ark:/12148/cb307456217	PERS0185	L'entretien des bons esprits sur les vanitez du monde	nan	nan	nan	PERS0237	nan	nan	2982652	Rouen	1630	1631	in-octavo	nan	Philosophie	BnF	NUMM-8704379	nan	nan	nan
LIV0204	ark:/12148/cb340017123	PERS0329	L'erreur combattüe, discours académique, où il est curieusement prouvé que le monde ne va point de mal en pis	nan	nan	nan	PERS0046	nan	nan	2988507	Paris	1641	nan	in-octavo	nan	Philosophie	Lyon	340063	https://numelyo.bm-lyon.fr/f_view/BML:BML_00GOO0100137001102743726	nan	nan
LIV0205	nan	PERS0330	Seconde Centurie des questions traitées ez conferences du Bureau d'adresse, depuis le 3. jour de Novembre 1634. jusques à l'II. Février 1636	nan	nan	nan	PERS0331	nan	nan	2988507	Paris	1636	nan	in-quarto	nan	Philosophie	Lyon	306316 T. 02	https://numelyo.bm-lyon.fr/f_view/BML:BML_00GOO0100137001100519631	nan	nan
LIV0206	ark:/12148/cb31219920b	PERS0332	Iconologie, ou Explication nouvelle de plusieurs images, emblèmes et autres figures hyérogliphiques des vertus, des vices, des arts, des sciences	nan	nan	nan	PERS0102	PERS0102	PERS0102	2988507	Paris	1593	1636	in-folio	nan	Philosophie	Bnf	NUMM-130641	nan	nan	nan
LIV0207	ark:/12148/cb31286272c	PERS0333	Les fleurs de la rhétorique françoise. Avec une conduite pour ceux qui se veulent former à l'éloquence	nan	nan	nan	PERS0334	nan	nan	2988507	Paris	1638	nan	in-octavo	nan	Philosophie	BnF	NUMM-6328208	nan	nan	"Commentaire Gabriel : fait aussi partie de ma section ""littérature"""
LIV0208	ark:/12148/cb313512105	PERS0335	De l'Usage des passions	nan	nan	nan	PERS0050	nan	nan	2988507	Paris	1641	nan	in-quarto	nan	Philosophie	BnF	NUMM-164904	nan	nan	nan
LIV0209	ark:/12148/cb313852593	PERS0306	Relations, lettres et discours de M. de Sorbière, sur diverses matières curieuses	nan	nan	nan	PERS0336	nan	nan	2988507	Paris	1660	nan	in-octavo	nan	Philosophie	BnF	NUMM-8727187	nan	nan	nan
LIV0210	ark:/12148/cb31046661n	PERS0337	Les métamorphoses d'Ovide	nan	nan	nan	PERS0106	PERS0338	PERS0338	2988507	Paris	1619	nan	in-folio	nan	Littérature	BnF	NUMM-1510811	nan	nan	nan
LIV0211	ark:/12148/cb37281680q	PERS0339	Oeuvres complètes de Mathurin Regnier	nan	nan	nan	PERS0341	PERS0340	nan	2988507	Paris	1853	nan	nan	nan	Littérature	BnF	NUMM-27774	nan	nan	nan
LIV0212	ark:/12148/cb317891077	PERS0342	Les oeuvres de Pierre de Ronsard	nan	nan	nan	PERS0119	nan	nan	2988507	Paris	1623	nan	in-folio	nan	Littérature	BnF	NUMM-1042595 	nan	nan	Revoir les dates
LIV0213	ark:/12148/cb32597194h	PERS0343	Les oeuvres du sieur de Saint-Amant	nan	nan	PERS0344	PERS0345|PERS0131	nan	nan	2988507	Paris	1629	nan	in-quarto	nan	Littérature	BnF	NUMM-1511964	nan	nan	nan
LIV0214	ark:/12148/cb37229040h	PERS0343	La Rome ridicule	nan	nan	nan	nan	nan	nan	2988507	Paris	1633	1643	nan	nan	Littérature	BnF	NUMM-57743	nan	nan	nan
LIV0215	ark:/12148/cb31280631f	PERS0346	La Comédie des académistes pour la réformation de la langue françoise	nan	nan	nan	nan	nan	nan	nan	nan	1650	nan	in-octavo	nan	Littérature	BnF	NUMM-1524645	nan	nan	nan
LIV0216	ark:/12148/cb447297222	PERS0347	Observations sur le Cid, Ensemble l'Excuse à Ariste & le Rondeau	nan	nan	nan	PERS0347	nan	nan	2988507	Paris	1637	nan	in-octavo	nan	Littérature	BnF	NUMM-1090289	nan	nan	nan
LIV0217	ark:/12148/cb31341780h	PERS0347	L'apologie du théâtre	nan	nan	nan	PERS0046	nan	nan	2988507	Paris	1639	nan	in-quarto	nan	Littérature	BnF	NUMM-8701417	nan	nan	nan
LIV0218	ark:/12148/cb314302816	PERS0348	Les Historiettes	nan	nan	nan	PERS0349	PERS0350	nan	2988507	Paris	1834-1835	nan	nan	nan	Littérature	BnF	NUMM-31568	nan	nan	Un ark d'ensemble ; 6 volumes
LIV0219	ark:/12148/cb31435707c	PERS0351	La Jérusalem du Sr Torquato Tasso	nan	nan	nan	PERS0006	PERS0230	PERS0230	2988507	Paris	1595	nan	in-quarto	nan	Littérature	BnF	NUMM-110447	nan	nan	nan
LIV0220	ark:/12148/cb314357108	PERS0351	Jérusalem deslivrée	nan	nan	nan	PERS0232	PERS0102	PERS0102	2988507	Paris	1626	nan	in-octavo	nan	Littérature	BnF	NUMM-850894	nan	nan	nan
LIV0221	ark:/12148/cb31549677m	PERS0352	Les diverses poésies du sieur de La Fresnaie Vauquelin	nan	nan	nan	PERS0353	nan	nan	3029241	Caen	1605	nan	in-octavo	nan	Littérature	BnF	IFN-8622106	nan	nan	nan
LIV0222	ark:/12148/cb30134732p	PERS0257	Sentiments sur la distinction des diverses manières de peinture, dessein et gravure, et des originaux d’avec leurs copies	nan	nan	nan	PERS0354	nan	nan	2988507	Paris	1649	nan	in-douze	nan	Peinture	BnF	RES-V-2328	nan	nan	nan
LIV0223	ark:/12148/cb40021779b	PERS0257	Traité des manières de graver en taille douce sur l’airain	nan	nan	nan	PERS0257	nan	nan	2988507	Paris	1645	nan	nan	nan	Peinture	BnF	NUMM-117103	nan	nan	nan
LIV0224	ark:/12148/cb30829647n	PERS0037 | PERS0355	Le Catalogue de Brienne	nan	nan	nan	PERS0356	nan	nan	2988507	Paris	1662	1873	in-octavo	nan	Peinture	BnF	NUMM-6422900	nan	nan	nan
LIV0225	ark:/12148/btv1b55013898c	PERS0259 | PERS0278	Copie manuscrite de DUFRESNOY 1649	nan	nan	nan	nan	nan	nan	nan	nan	1649	1675	in-quarto	nan	Peinture	BnF	Ms-4114	nan	nan	ark de sa numérisation Gallica car impossible de trouver celle du catalogue de la BnF
LIV0226	ark:/12148/cb393163358	PERS0357	L’Art de dessiner	nan	nan	nan	PERS0358	nan	nan	2988507	Paris	1571	1660|1704	in-quarto	nan	Peinture	BnF	EST-424	nan	nan	La date de 1571 est la première édition connue, dont aucun exemplaire n'est conservé. Celle de 1660-1704 est celle de l'édition de l'exemplaire indexé ici
LIV0227	ark:/12148/cb30281947r	PERS0357	La Vraie science de pourtraiture	nan	nan	nan	PERS0359	nan	nan	2988507	Paris	1571	1656	in-quarto	nan	Peinture	BnF	V-10321	nan	nan	La date de 1571 est la première édition connue, dont aucun exemplaire n'est conservé. Celle de 1656 est celle de l'édition de l'exemplaire indexé ici
LIV0228	ark:/12148/cb30369230s	PERS0278	L'Art de peinture	nan	nan	nan	PERS0361	PERS0360	PERS0360	2988507	Paris	1668	nan	in-octavo	nan	Peinture	BnF	V-23873	nan	nan	nan
LIV0229	ark:/12148/btv1b9061831k	PERS0278	Observations sur la peinture et ceux qui l’ont pratiquée	nan	nan	nan	nan	nan	nan	nan	nan	1649	nan	nan	nan	Peinture	BnF	Français 12346	nan	nan	ark de sa numérisation Gallica car impossible de trouver celle du catalogue de la BnF
LIV0230	ark:/12148/cb33522417c	PERS0362	De l’origine de la peinture et des plus excellents peintres de l’Antiquité	nan	nan	nan	PERS0363	nan	nan	2988507	Paris	1660	nan	in-quarto	nan	Peinture	BnF	V-10306	nan	nan	nan
LIV0231	ark:/12148/cb30425270d	PERS0362	Portrait du roi	nan	nan	nan	PERS0069	nan	nan	2988507	Paris	1663	1671	in-douze	nan	Peinture	BnF	V-24077	nan	nan	1671 est la date d'édition
LIV0232	ark:/12148/cb30409413p	PERS0365	Idée de la perfection de la peinture démontrée par les principes de l’art	nan	nan	nan	PERS0366	PERS0364	nan	2988507	Paris	1663	nan	in-quarto	nan	Peinture	BnF	RES-V-1428 (1)	nan	nan	nan
LIV0233	ark:/12148/btv1b90615282	PERS0367	Les Cinq livres	nan	nan	nan	nan	nan	nan	nan	nan	1619	1634	nan	nan	Peinture	BnF	Français 9155	nan	nan	ark de sa numérisation Gallica car impossible de trouver celle du catalogue de la BnF
LIV0234	ark:/12148/cb30662834n	PERS0368	Lettres	nan	nan	nan	PERS0370	PERS0369	nan	2988507	Paris	1889	nan	nan	nan	Peinture	BnF	Z RENAN-96	nan	nan	nan
LIV0235	ark:/13960/t12n59306	PERS0368	Recueil des Essais des merveilles de la peinture	nan	nan	nan	PERS0372	PERS0371	nan	264374	Londres	1849	nan	nan	nan	Peinture	Munich, Bayerische Staatsbibliothek	Art. 192 r-2	nan	nan	nan
LIV0236	ark:/12148/cb30829064k	PERS0373	Traité de la proportion naturelle et artificielle des choses	nan	nan	nan	PERS0375	PERS0374	PERS0374	2972315	Toulouse	1649	nan	nan	nan	Peinture	BnF	RES-V-473	nan	nan	nan
LIV0237	ark:/12148/cb30888440p	PERS0376	Mémoires	nan	nan	nan	PERS0377	nan	nan	2988507	Paris	1656	1657	in-folio	nan	Peinture	BnF	RES FOL-LN27-13551	nan	nan	Deux volumes, mais indexés sur la même page du catalogue BnF (donc un seul ark)
LIV0238	ark:/12148/cb308884531	PERS0376	Tableaux du temple des Muses tirés du cabinet de feu M. Favereau	nan	nan	nan	PERS0361	nan	nan	2988507	Paris	1655	nan	in-folio	nan	Peinture	BnF	J-1946	nan	nan	nan
LIV0239	ark:/12148/cb327349060	PERS0378	Opinions de M. Mellan sur la gravure	nan	nan	nan	PERS0381	nan	nan	2988507	Paris	1861	nan	nan	nan	Peinture	BnF	V-11943-11944	nan	nan	ark de la revue XIXe dans laquelle a été publié le texte
LIV0240	ark:/12148/cb30925733f	PERS0164	Le Temple de la sagesse ouvert à tous les peuples : dessein des peintures de la Grande Cour du Collège de la très-sainte Trinité	nan	nan	nan	PERS0321	nan	nan	2996944	Lyon	1663	nan	in-octavo	nan	Peinture	BnF	8-LK7-13229	nan	nan	nan
LIV0241	ark:/12148/cb327349060	PERS0379 | PERS0380	Réflexions et maximes sur la peinture, la gravure et la physionomie	nan	nan	nan	PERS0381	nan	nan	2988507	Paris	1862	nan	nan	nan	Peinture	BnF	V-11943-11944	nan	nan	nan
LIV0242	ark:/12148/cb31048633w	PERS0382	Plan, ou Dessein idéal pour le tableau du Déluge qui doit être representé dans la Chapelle de Messieurs les Pénitents Noirs de Toulouse	nan	nan	nan	nan	nan	nan	2972315	Toulouse	1656	nan	nan	nan	Peinture	BnF	V-10319	nan	nan	nan
LIV0243	ark:/12148/cb310486347	PERS0382	Songe énigmatique sur la peinture universelle	nan	nan	nan	PERS0375	nan	nan	2972315	Toulouse	1658	nan	nan	nan	Peinture	BnF	V-16478	nan	nan	nan
LIV0244	ark:/12148/cb310486316	PERS0382	La Peinture parlante	nan	nan	nan	PERS0375	nan	nan	2972315	Toulouse	1653	1657	nan	nan	Peinture	BnF	YE-3805	nan	nan	nan
LIV0245	ark:/12148/cb393163803	PERS0383	La Lumière de la peinture et de la désignature	nan	nan	nan	PERS0384	nan	nan	2759794	Amsterdam	1643	1644	nan	nan	Peinture	BnF	EST-1453	nan	nan	nan
LIV0246	ark:/12148/cb40337749k	PERS0385	Icones et segmenta illustrium e marmore tabularum	nan	nan	nan	PERS0386	nan	nan	2988507	Paris	1645	nan	nan	nan	Peinture	Heidelberg	83 G 14 (RES)	nan	nan	Ark BnF. Date de réalisation des planches 1645, mais édition postérieure (après la mort de l'artiste)
LIV0247	ark:/12148/cb35866810n	PERS0385	Segmenta nobilium signorum et statuarum, quæ temporis dentem invidium evasere, urbis aeternae ruinis erepta	nan	nan	nan	PERS0386	nan	nan	3169070	Rome	1638	nan	nan	nan	Peinture	BnF	RES-J-481	nan	nan	Date de réalisation des planches 1638, mais édition postérieure (après la mort de l'artiste)
LIV0248	ark:/12148/cb31144482r	PERS0387	Correspondance	nan	nan	nan	PERS0388	nan	nan	2988507	Paris	1639 |1666	1911	nan	nan	Peinture	BnF	8-V-234 (1911, NOUV SER, T. 5)	nan	nan	nan
LIV0249	ark:/12148/cb393164226	PERS0389	Éléments de pourtraiture, ou La méthode de représenter et pourtraire toutes les parties du corps humain	nan	nan	nan	PERS0192	nan	nan	2988507	Paris	1630	nan	nan	nan	Peinture	BnF	EST-425 (1)	nan	nan	nan
LIV0250	ark:/12148/cb37229062t	PERS0347	Le Cabinet de M. de Scudéry	nan	nan	nan	PERS0046	nan	nan	2988507	Paris	1646	nan	nan	nan	Peinture	BnF	NUMM-57771	nan	nan	nan
LIV0251	ark:/12148/cb31385547x	PERS0390	La Description de l'Île de portraiture et de la ville des portraits	nan	nan	nan	PERS0391	nan	nan	2988507	Paris	1659	nan	nan	nan	Peinture	BnF	8-Y2-54198	nan	nan	nan
LIV0252	ark:/12148/cb31545604f	PERS0305 | PERS0392	Abrégé de la vie de Raphaël Sanzio	nan	nan	nan	PERS0305	nan	nan	2988507	Paris	1651	nan	nan	nan	Peinture	BnF	K-9493	nan	nan	nan
LIV0253	ark:/12148/cb311022283	PERS0230 | PERS0393	Les Images ou tableaux de platte-peinture	nan	nan	nan	PERS0394	nan	nan	2988507	Paris	1578	nan	nan	nan	Peinture	BnF	RES-Z-999	nan	nan	nan
LIV0254	ark:/12148/cb34005717s	PERS0230 | PERS0393 | PERS0395	Les Images, ou tableaux de platte peinture des deux Philostrates et les statues de Callistrate	nan	nan	nan	PERS0106	nan	nan	2988507	Paris	1602	1615	nan	nan	Peinture	BnF	Z-559	nan	nan	nan
LIV0255	ark:/12148/cb37281463k	PERS0230 | PERS0393	La Suite de Philostrate	nan	nan	nan	PERS0006	nan	nan	2988507	Paris	1602	nan	nan	nan	Peinture	BnF	Z-3743	nan	nan	nan
LIV0256	ark:/12148/cb31588107n	PERS0397 | PERS0398 | PERS0399	Trattato della pittura	nan	nan	nan	PERS0396	nan	nan	2988507	Paris	1651	nan	nan	nan	Peinture	BnF	R64643	nan	nan	nan
LIV0257	ark:/12148/cb31588119n	PERS0397 | PERS0364	Traitté de la peinture	nan	nan	nan	PERS0396	nan	nan	2988507	Paris	1651	nan	nan	nan	Peinture	BnF	V-2549	nan	nan	nan
LIV0258	ark:/12148/cb328616752	nan	Remontrances des peintres de portraits : aux précieuses de ce temps	nan	nan	nan	nan	PERS0400	nan	2988507	Paris	1659	1860-1861	nan	nan	Peinture	BnF	V-24414	nan	nan	ark de la revue
LIV0259	nan	nan	Recueil de recettes et secrets concernant l’art du mouleur, de l’artificier et du peintre	nan	nan	nan	nan	nan	nan	nan	nan	1582	nan	nan	nan	Peinture	BnF	Ms. Français 640	nan	nan	pas d'ark pour les manuscrits
LIV0260	nan	nan	Description des tableaux de la galerie du palais de la reine mère du roi au faubourg Saint-Germain-lez-Paris	nan	nan	nan	nan	nan	nan	nan	nan	1622	nan	nan	nan	Peinture	BnF	Ms. Baluze 323	nan	nan	pas d'ark pour les manuscrits
LIV0261	nan	nan	nan	nan	nan	nan	nan	nan	nan	nan	nan	nan	nan	nan	nan	nan	nan	nan	nan	nan	nan
LIV0262	nan	nan	nan	nan	nan	nan	nan	nan	nan	nan	nan	nan	nan	nan	nan	nan	nan	nan	nan	nan	nan
LIV0263	nan	nan	nan	nan	nan	nan	nan	nan	nan	nan	nan	nan	nan	nan	nan	nan	nan	nan	nan	nan	nan
